Nom;Prenom;Code;Login;Parent
Nom01;Prenom01;COMP;EMP01;OU=COMPTABLES,OU=COMPTABILITE,OU=EMPLOYES,OU=FORMATION,DC=FORMATION,DC=LOCAL
Nom02;Prenom02;COMP;EMP02;OU=COMPTABLES,OU=COMPTABILITE,OU=EMPLOYES,OU=FORMATION,DC=FORMATION,DC=LOCAL
Nom03;Prenom03;COMP;EMP03;OU=GESTIONNAIRES,OU=COMPTABILITE,OU=EMPLOYES,OU=FORMATION,DC=FORMATION,DC=LOCAL
Nom04;Prenom04;COMP;EMP04;OU=GESTIONNAIRES,OU=COMPTABILITE,OU=EMPLOYES,OU=FORMATION,DC=FORMATION,DC=LOCAL
Nom05;Prenom05;COMP;EMP05;OU=SECRETAIRES,OU=COMPTABILITE,OU=EMPLOYES,OU=FORMATION,DC=FORMATION,DC=LOCAL
Nom06;Prenom06;COMP;EMP06;OU=SECRETAIRES,OU=COMPTABILITE,OU=EMPLOYES,OU=FORMATION,DC=FORMATION,DC=LOCAL
Nom07;Prenom07;INF;EMP07;OU=ANALYSTES,OU=INFORMATIQUE,OU=EMPLOYES,OU=FORMATION,DC=FORMATION,DC=LOCAL
Nom08;Prenom08;INF;EMP08;OU=ANALYSTES,OU=INFORMATIQUE,OU=EMPLOYES,OU=FORMATION,DC=FORMATION,DC=LOCAL
Nom09;Prenom09;INF;EMP09;OU=GESTIONNAIRES,OU=INFORMATIQUE,OU=EMPLOYES,OU=FORMATION,DC=FORMATION,DC=LOCAL
Nom10;Prenom10;INF;EMP10;OU=GESTIONNAIRES,OU=INFORMATIQUE,OU=EMPLOYES,OU=FORMATION,DC=FORMATION,DC=LOCAL
Nom11;Prenom11;INF;EMP11;OU=PROGRAMMEURS,OU=INFORMATIQUE,OU=EMPLOYES,OU=FORMATION,DC=FORMATION,DC=LOCAL
Nom12;Prenom12;INF;EMP12;OU=PROGRAMMEURS,OU=INFORMATIQUE,OU=EMPLOYES,OU=FORMATION,DC=FORMATION,DC=LOCAL
Nom13;Prenom13;INF;EMP13;OU=SECRETAIRES,OU=INFORMATIQUE,OU=EMPLOYES,OU=FORMATION,DC=FORMATION,DC=LOCAL
Nom14;Prenom14;INF;EMP14;OU=SECRETAIRES,OU=INFORMATIQUE,OU=EMPLOYES,OU=FORMATION,DC=FORMATION,DC=LOCAL
Nom15;Prenom15;INF;EMP15;OU=TECHNICIENS_NIVEAU_1,OU=INFORMATIQUE,OU=EMPLOYES,OU=FORMATION,DC=FORMATION,DC=LOCAL
Nom16;Prenom16;INF;EMP16;OU=TECHNICIENS_NIVEAU_1,OU=INFORMATIQUE,OU=EMPLOYES,OU=FORMATION,DC=FORMATION,DC=LOCAL
Nom17;Prenom17;INF;EMP17;OU=TECHNICIENS_NIVEAU_2,OU=INFORMATIQUE,OU=EMPLOYES,OU=FORMATION,DC=FORMATION,DC=LOCAL
Nom18;Prenom18;INF;EMP18;OU=TECHNICIENS_NIVEAU_2,OU=INFORMATIQUE,OU=EMPLOYES,OU=FORMATION,DC=FORMATION,DC=LOCAL
Nom19;Prenom19;INF;EMP19;OU=TECHNICIENS_RESEAU,OU=INFORMATIQUE,OU=EMPLOYES,OU=FORMATION,DC=FORMATION,DC=LOCAL
Nom20;Prenom20;INF;EMP20;OU=TECHNICIENS_RESEAU,OU=INFORMATIQUE,OU=EMPLOYES,OU=FORMATION,DC=FORMATION,DC=LOCAL
Nom21;Prenom21;ING;EMP21;OU=GESTIONNAIRES,OU=INGENIERIE,OU=EMPLOYES,OU=FORMATION,DC=FORMATION,DC=LOCAL
Nom22;Prenom22;ING;EMP22;OU=GESTIONNAIRES,OU=INGENIERIE,OU=EMPLOYES,OU=FORMATION,DC=FORMATION,DC=LOCAL
Nom23;Prenom23;ING;EMP23;OU=INGENIEURS,OU=INGENIERIE,OU=EMPLOYES,OU=FORMATION,DC=FORMATION,DC=LOCAL
Nom24;Prenom24;ING;EMP24;OU=INGENIEURS,OU=INGENIERIE,OU=EMPLOYES,OU=FORMATION,DC=FORMATION,DC=LOCAL
Nom25;Prenom25;ING;EMP25;OU=SECRETAIRES,OU=INGENIERIE,OU=EMPLOYES,OU=FORMATION,DC=FORMATION,DC=LOCAL
Nom26;Prenom26;ING;EMP26;OU=SECRETAIRES,OU=INGENIERIE,OU=EMPLOYES,OU=FORMATION,DC=FORMATION,DC=LOCAL
Nom27;Prenom27;ING;EMP27;OU=TECHNICIENS,OU=INGENIERIE,OU=EMPLOYES,OU=FORMATION,DC=FORMATION,DC=LOCAL
Nom28;Prenom28;ING;EMP28;OU=TECHNICIENS,OU=INGENIERIE,OU=EMPLOYES,OU=FORMATION,DC=FORMATION,DC=LOCAL
Nom29;Prenom29;RH;EMP29;OU=GESTIONNAIRES,OU=RH,OU=EMPLOYES,OU=FORMATION,DC=FORMATION,DC=LOCAL
Nom30;Prenom30;RH;EMP30;OU=GESTIONNAIRES,OU=RH,OU=EMPLOYES,OU=FORMATION,DC=FORMATION,DC=LOCAL
Nom31;Prenom31;RH;EMP31;OU=SECRETAIRES,OU=RH,OU=EMPLOYES,OU=FORMATION,DC=FORMATION,DC=LOCAL
Nom32;Prenom32;RH;EMP32;OU=SECRETAIRES,OU=RH,OU=EMPLOYES,OU=FORMATION,DC=FORMATION,DC=LOCAL