Nom;Parent
FORMATION;DC=FORMATION,DC=LOCAL
EMPLOYES;OU=FORMATION,DC=FORMATION,DC=LOCAL
COMPTABILITE;OU=EMPLOYES,OU=FORMATION,DC=FORMATION,DC=LOCAL
COMPTABLES;OU=COMPTABILITE,OU=EMPLOYES,OU=FORMATION,DC=FORMATION,DC=LOCAL
GESTIONNAIRES;OU=COMPTABILITE,OU=EMPLOYES,OU=FORMATION,DC=FORMATION,DC=LOCAL
SECRETAIRES;OU=COMPTABILITE,OU=EMPLOYES,OU=FORMATION,DC=FORMATION,DC=LOCAL
INFORMATIQUE;OU=EMPLOYES,OU=FORMATION,DC=FORMATION,DC=LOCAL
ANALYSTES;OU=INFORMATIQUE,OU=EMPLOYES,OU=FORMATION,DC=FORMATION,DC=LOCAL
GESTIONNAIRES;OU=INFORMATIQUE,OU=EMPLOYES,OU=FORMATION,DC=FORMATION,DC=LOCAL
PROGRAMMEURS;OU=INFORMATIQUE,OU=EMPLOYES,OU=FORMATION,DC=FORMATION,DC=LOCAL
SECRETAIRES;OU=INFORMATIQUE,OU=EMPLOYES,OU=FORMATION,DC=FORMATION,DC=LOCAL
TECHNICIENS_NIVEAU_1;OU=INFORMATIQUE,OU=EMPLOYES,OU=FORMATION,DC=FORMATION,DC=LOCAL
TECHNICIENS_NIVEAU_2;OU=INFORMATIQUE,OU=EMPLOYES,OU=FORMATION,DC=FORMATION,DC=LOCAL
TECHNICIENS_RESEAU;OU=INFORMATIQUE,OU=EMPLOYES,OU=FORMATION,DC=FORMATION,DC=LOCAL
INGENIERIE;OU=EMPLOYES,OU=FORMATION,DC=FORMATION,DC=LOCAL
GESTIONNAIRES;OU=INGENIERIE,OU=EMPLOYES,OU=FORMATION,DC=FORMATION,DC=LOCAL
INGENIEURS;OU=INGENIERIE,OU=EMPLOYES,OU=FORMATION,DC=FORMATION,DC=LOCAL
SECRETAIRES;OU=INGENIERIE,OU=EMPLOYES,OU=FORMATION,DC=FORMATION,DC=LOCAL
TECHNICIENS;OU=INGENIERIE,OU=EMPLOYES,OU=FORMATION,DC=FORMATION,DC=LOCAL
RH;OU=EMPLOYES,OU=FORMATION,DC=FORMATION,DC=LOCAL
GESTIONNAIRES;OU=RH,OU=EMPLOYES,OU=FORMATION,DC=FORMATION,DC=LOCAL
SECRETAIRES;OU=RH,OU=EMPLOYES,OU=FORMATION,DC=FORMATION,DC=LOCAL
GROUPES;OU=FORMATION,DC=FORMATION,DC=LOCAL
ORDINATEURS_CLIENTS;OU=FORMATION,DC=FORMATION,DC=LOCAL
COMPTABILITE;OU=ORDINATEURS_CLIENTS,OU=FORMATION,DC=FORMATION,DC=LOCAL
FIXES;OU=COMPTABILITE,OU=ORDINATEURS_CLIENTS,OU=FORMATION,DC=FORMATION,DC=LOCAL
PORTABLES;OU=COMPTABILITE,OU=ORDINATEURS_CLIENTS,OU=FORMATION,DC=FORMATION,DC=LOCAL
INFORMATIQUE;OU=ORDINATEURS_CLIENTS,OU=FORMATION,DC=FORMATION,DC=LOCAL
FIXES;OU=INFORMATIQUE,OU=ORDINATEURS_CLIENTS,OU=FORMATION,DC=FORMATION,DC=LOCAL
PORTABLES;OU=INFORMATIQUE,OU=ORDINATEURS_CLIENTS,OU=FORMATION,DC=FORMATION,DC=LOCAL
INGENIERIE;OU=ORDINATEURS_CLIENTS,OU=FORMATION,DC=FORMATION,DC=LOCAL
FIXES;OU=INGENIERIE,OU=ORDINATEURS_CLIENTS,OU=FORMATION,DC=FORMATION,DC=LOCAL
PORTABLES;OU=INGENIERIE,OU=ORDINATEURS_CLIENTS,OU=FORMATION,DC=FORMATION,DC=LOCAL
RH;OU=ORDINATEURS_CLIENTS,OU=FORMATION,DC=FORMATION,DC=LOCAL
FIXES;OU=RH,OU=ORDINATEURS_CLIENTS,OU=FORMATION,DC=FORMATION,DC=LOCAL
PORTABLES;OU=RH,OU=ORDINATEURS_CLIENTS,OU=FORMATION,DC=FORMATION,DC=LOCAL
SERVEURS;OU=FORMATION,DC=FORMATION,DC=LOCAL
EXCHANGE;OU=SERVEURS,OU=FORMATION,DC=FORMATION,DC=LOCAL
FICHIERS;OU=SERVEURS,OU=FORMATION,DC=FORMATION,DC=LOCAL
SQL;OU=SERVEURS,OU=FORMATION,DC=FORMATION,DC=LOCAL
WEB;OU=SERVEURS,OU=FORMATION,DC=FORMATION,DC=LOCAL